lga_id,year,confidence_issues,overall_quality
akwa_ibom__eastern_obolo,2013,none,high
bayelsa__ekeremor,2013,none,high
rivers__degema,2013,none,high
rivers__andoni,2013,none,high
cross_river__akpabuyo,2013,none,high
akwa_ibom__oron,2013,none,high
cross_river__bakassi,2013,none,high
cross_river__calabar_south,2013,low_dhs_sample,medium
akwa_ibom__udung_uko,2013,none,high
bayelsa__southern_ijaw,2013,none,high
oyo__iwajowa,2013,none,high
oyo__ibarapa_north,2013,none,high
rivers__okrika,2013,none,high
ogun__imeko_afon,2013,none,high
akwa_ibom__ibeno,2013,none,high
bayelsa__nembe,2013,none,high
ondo__ilaje,2013,none,high
bayelsa__brass,2013,none,high
delta__warri_north,2013,none,high
ondo__ese_odo,2013,none,high
taraba__jalingo,2013,none,high
delta__burutu,2013,none,high
adamawa__girei,2013,none,high
taraba__yorro,2013,none,high
taraba__ardo-kola,2013,none,high
adamawa__yola_north,2013,none,high
adamawa__yola_south,2013,none,high
akwa_ibom__mbo,2013,none,high
taraba__lau,2013,none,high
oyo__ibarapa_central,2013,none,high
ogun__abeokuta_north,2013,none,high
rivers__bonny,2013,low_dhs_sample,medium
delta__warri_south-west,2013,none,high
delta__warri_south,2013,low_dhs_sample,medium
rivers__akuku_toru,2013,none,high
osun__isokan,2013,none,high
osun__irewole,2013,low_dhs_sample,medium
akwa_ibom__essien_udim,2013,none,high
akwa_ibom__onna,2013,none,high
enugu__udenu,2013,none,high
rivers__ogu_bolo,2013,low_dhs_sample,medium
enugu__enugu_south,2013,none,high
akwa_ibom__ikot_ekpene,2013,low_dhs_sample,medium
akwa_ibom__nsit_ubium,2013,low_dhs_sample,medium
akwa_ibom__urue_offong/oruko,2013,none,high
akwa_ibom__abak,2013,none,high
enugu__nkanu_east,2013,none,high
enugu__igbo-eze-south,2013,none,high
enugu__nsukka,2013,none,high
rivers__tai,2013,none,high
osun__ife_north,2013,low_dhs_sample,medium
osun__ayedade,2013,none,high
osun__ayedire,2013,none,high
rivers__ahoada_east,2013,none,high
oyo__iseyin,2013,low_dhs_sample,medium
oyo__itesiwaju,2013,none,high
oyo__kajola,2013,none,high
enugu__nkanu_west,2013,none,high
ebonyi__afikpo_north,2013,low_dhs_sample,medium
taraba__donga,2013,none,high
enugu__oji-river,2013,none,high
kwara__oyun,2013,low_dhs_sample,medium
bayelsa__ogbia,2013,none,high
rivers__asari-toru,2013,none,high
akwa_ibom__uyo,2013,none,high
akwa_ibom__ikono,2013,none,high
kwara__baruten,2013,none,high
oyo__lagelu,2013,low_dhs_sample,medium
kogi__idah,2013,none,high
yobe__machina,2013,none,high
kogi__ibaji,2013,none,high
fct__municipal_area_council,2013,none,high
kwara__kaiama,2013,none,high
zamfara__bakura,2013,none,high
yobe__nguru,2013,none,high
zamfara__gummi,2013,none,high
kano__ajingi,2013,none,high
rivers__port-harcourt,2013,none,high
kebbi__augie,2013,none,high
sokoto__kebbe,2013,none,high
oyo__surulere,2013,none,high
jigawa__ringim,2013,none,high
rivers__emuoha,2013,none,high
enugu__isi-uzo,2013,none,high
bayelsa__yenegoa,2013,none,high
kwara__ilorin_east,2013,none,high
bauchi__alkaleri,2013,none,high
rivers__omumma,2013,low_dhs_sample,medium
jigawa__birnin_kudu,2013,none,high
taraba__takum,2013,none,high
edo__esan_south-east,2013,none,high
osun__ifedayo,2013,none,high
oyo__ori_ire,2013,none,high
kwara__ifelodun,2013,none,high
zamfara__maradun,2013,none,high
enugu__aninri,2013,none,high
ebonyi__abakaliki,2013,none,high
kwara__pategi,2013,none,high
jigawa__biriniwa,2013,none,high
taraba__ussa,2013,none,high
sokoto__silame,2013,none,high
kano__takai,2013,none,high
fct__bwari,2013,none,high
kwara__edu,2013,none,high
kaduna__jema'a,2013,none,high
jigawa__gumel,2013,none,high
sokoto__binji,2013,none,high
sokoto__kware,2013,none,high
kebbi__bunza,2013,none,high
kogi__mopa-muro,2013,none,high
sokoto__sokoto_north,2013,none,high
katsina__musawa,2013,none,high
delta__ethiope_west,2013,none,high
ebonyi__ishielu,2013,none,high
kebbi__sakaba,2013,none,high
kaduna__kudan,2013,none,high
kaduna__kachia,2013,none,high
sokoto__sabon_birni,2013,none,high
enugu__uzo-uwani,2013,none,high
kaduna__jaba,2013,none,high
akwa_ibom__ibesikpo_asutan,2013,none,high
sokoto__sokoto_south,2013,none,high
sokoto__yabo,2013,none,high
borno__damboa,2013,none,high
katsina__matazu,2013,none,high
katsina__sandamu,2013,none,high
katsina__mashi,2013,none,high
katsina__dan_musa,2013,none,high
kano__kura,2013,none,high
kaduna__lere,2013,none,high
katsina__zango,2013,none,high
sokoto__wurno,2013,none,high
sokoto__gudu,2013,none,high
jigawa__gwiwa,2013,none,high
kebbi__birnin_kebbi,2013,none,high
kebbi__suru,2013,none,high
adamawa__numan,2013,none,high
borno__biu,2013,none,high
kaduna__kaduna_south,2013,low_dhs_sample,medium
borno__dikwa,2013,none,high
kaduna__zaria,2013,none,high
kebbi__kalgo,2013,none,high
jigawa__yankwashi,2013,none,high
kaduna__kaura,2013,none,high
adamawa__lamurde,2013,none,high
borno__monguno,2013,none,high
enugu__enugu_east,2013,none,high
borno__ngala,2013,none,high
borno__gubio,2013,none,high
kogi__yagba_east,2013,none,high
borno__chibok,2013,none,high
sokoto__tureta,2013,none,high
taraba__gashaka,2013,none,high
bauchi__bauchi,2013,none,high
borno__hawul,2013,none,high
akwa_ibom__uruan,2013,none,high
adamawa__mayo-belwa,2013,none,high
adamawa__mubi_south,2013,none,high
edo__etsako_west,2013,none,high
yobe__fune,2013,none,high
borno__mobbar,2013,low_dhs_sample,medium
yobe__potiskum,2013,none,high
borno__gwoza,2013,none,high
borno__guzamala,2013,none,high
adamawa__maiha,2013,none,high
yobe__gulani,2013,none,high
taraba__zing,2013,none,high
oyo__orelope,2013,none,high
akwa_ibom__nsit_ibom,2013,none,high
adamawa__fufore,2013,none,high
akwa_ibom__mkpat_enin,2013,none,high
edo__owan_west,2013,none,high
borno__kaga,2013,none,high
taraba__karim_lamido,2013,none,high
borno__kukawa,2013,none,high
adamawa__gombi,2013,none,high
adamawa__guyuk,2013,none,high
kano__tudun_wada,2013,none,high
oyo__saki_west,2013,none,high
adamawa__toungo,2013,none,high
rivers__abua/odual,2013,none,high
zamfara__bungudu,2013,none,high
borno__shani,2013,none,high
sokoto__shagari,2013,none,high
yobe__yunusari,2013,none,high
adamawa__ganye,2013,none,high
adamawa__jada,2013,none,high
taraba__bali,2013,none,high
adamawa__shelleng,2013,none,high
ondo__okitipupa,2013,none,high
borno__bayo,2013,none,high
akwa_ibom__ikot_abasi,2013,none,high
borno__maiduguri,2013,none,high
yobe__gujba,2013,none,high
edo__esan_north-east,2013,low_dhs_sample,medium
bauchi__tafawa-balewa,2013,none,high
yobe__nangere,2013,none,high
akwa_ibom__ika,2013,none,high
bauchi__dambam,2013,none,high
bauchi__ganjuwa,2013,none,high
borno__nganzai,2013,low_dhs_sample,medium
rivers__ahoada_west,2013,none,high
adamawa__song,2013,none,high
delta__oshimili_north,2013,none,high
rivers__gokana,2013,none,high
zamfara__bukkuyum,2013,none,high
yobe__damaturu,2013,none,high
yobe__geidam,2013,none,high
yobe__tarmuwa,2013,none,high
adamawa__madagali,2013,none,high
adamawa__michika,2013,none,high
adamawa__mubi_north,2013,none,high
edo__owan_east,2013,low_dhs_sample,medium
adamawa__hong,2013,none,high
kano__nassarawa,2013,none,high
katsina__sabuwa,2013,none,high
ebonyi__ohaozara,2013,none,high
zamfara__kaura_namoda,2013,none,high
katsina__dutsi,2013,none,high
kano__kabo,2013,none,high
katsina__dandume,2013,none,high
kano__dawakin_tofa,2013,none,high
kano__gezawa,2013,none,high
sokoto__bodinga,2013,none,high
zamfara__zurmi,2013,none,high
kano__warawa,2013,none,high
sokoto__tangaza,2013,none,high
jigawa__maigatari,2013,none,high
katsina__danja,2013,low_dhs_sample,medium
kano__fagge,2013,none,high
katsina__jibia,2013,none,high
rivers__eleme,2013,none,high
kano__bebeji,2013,none,high
kano__rano,2013,none,high
kano__tarauni,2013,none,high
akwa_ibom__etinan,2013,none,high
ogun__yewa_south,2013,none,high
kebbi__argungu,2013,low_dhs_sample,medium
kano__kiru,2013,none,high
katsina__batagarawa,2013,none,high
delta__bomadi,2013,none,high
borno__kwaya_kusar,2013,none,high
enugu__igbo-etiti,2013,none,high
kano__doguwa,2013,none,high
yobe__bade,2013,none,high
akwa_ibom__itu,2013,none,high
borno__bama,2013,low_dhs_sample,medium
sokoto__gada,2013,none,high
zamfara__gusau,2013,none,high
lagos__lagos_mainland,2013,none,high
katsina__kaita,2013,none,high
kano__minjibir,2013,none,high
akwa_ibom__ini,2013,low_dhs_sample,medium
zamfara__talata_mafara,2013,none,high
kebbi__gwandu,2013,none,high
zamfara__birnin_magaji-kiyaw,2013,none,high
kano__shanono,2013,none,high
kano__rogo,2013,none,high
katsina__batsari,2013,none,high
akwa_ibom__eket,2013,none,high
akwa_ibom__okobo,2013,none,high
kano__kano_municipal,2013,none,high
yobe__bursari,2013,none,high
kebbi__maiyama,2013,none,high
lagos__lagos_island,2013,none,high
kano__madobi,2013,none,high
jigawa__miga,2013,none,high
katsina__rimi,2013,none,high
kano__gabasawa,2013,none,high
kebbi__aleiro,2013,none,high
kano__ungogo,2013,none,high
sokoto__tambuwal,2013,none,high
kebbi__jega,2013,none,high
katsina__katsina,2013,none,high
kano__dawakin_kudu,2013,none,high
kebbi__arewa_dandi,2013,none,high
akwa_ibom__etim_ekpo,2013,none,high
kano__albasu,2013,none,high
borno__marte,2013,none,high
kano__kumbotso,2013,none,high
jigawa__kazaure,2013,none,high
katsina__malumfashi,2013,none,high
enugu__udi,2013,none,high
jigawa__dutse,2013,none,high
jigawa__gwaram,2013,none,high
kaduna__zangon_kataf,2013,none,high
jigawa__kiyawa,2013,none,high
bauchi__zaki,2013,none,high
rivers__opobo/nkoro,2013,none,high
bauchi__shira,2013,none,high
bauchi__dass,2013,none,high
enugu__enugu_north,2013,none,high
jigawa__buji,2013,none,high
akwa_ibom__ukanafun,2013,none,high
niger__agaie,2013,none,high
kano__bagwai,2013,none,high
kaduna__kajuru,2013,none,high
niger__katcha,2013,none,high
katsina__kafur,2013,none,high
kebbi__wasagu-danko,2013,none,high
niger__bida,2013,none,high
bauchi__kirfi,2013,none,high
kebbi__dandi,2013,none,high
kebbi__bagudu,2013,none,high
katsina__kankara,2013,none,high
bauchi__itas/gadau,2013,none,high
lagos__apapa,2013,none,high
ondo__ondo_east,2013,none,high
bauchi__warji,2013,none,high
bauchi__katagum,2013,none,high
katsina__mani,2013,none,high
kaduna__sanga,2013,none,high
bauchi__bogoro,2013,none,high
yobe__fika,2013,none,high
fct__kuje,2013,none,high
jigawa__sule_tankarkar,2013,none,high
oyo__ibadan_north_east,2013,none,high
katsina__bindawa,2013,none,high
kwara__ilorin_south,2013,low_dhs_sample,medium
bauchi__gamawa,2013,none,high
jigawa__kafin_hausa,2013,none,high
ogun__ado_odo/ota,2013,none,high
kano__garko,2013,none,high
kaduna__kubau,2013,none,high
taraba__wukari,2013,none,high
kano__gwarzo,2013,none,high
rivers__oyigbo,2013,none,high
delta__ughelli_south,2013,none,high
kebbi__fakai,2013,none,high
jigawa__kaugama,2013,none,high
edo__esan_central,2013,none,high
sokoto__goronyo,2013,none,high
oyo__ibarapa_east,2013,none,high
edo__ikpoba-okha,2013,none,high
enugu__awgu,2013,none,high
oyo__olorunsogo,2013,none,high
kogi__kabba/bunu,2013,low_dhs_sample,medium
bauchi__ningi,2013,none,high
taraba__kurmi,2013,none,high
katsina__bakori,2013,none,high
akwa_ibom__nsit_atai,2013,none,high
katsina__kankia,2013,none,high
jigawa__gagarawa,2013,none,high
bauchi__giade,2013,none,high
edo__iguegben,2013,none,high
ondo__akure_north,2013,none,high
rivers__khana,2013,low_dhs_sample,medium
akwa_ibom__oruk_anam,2013,none,high
bauchi__misau,2013,none,high
bayelsa__kolokuma/opokuma,2013,none,high
kano__karaye,2013,none,high
bayelsa__sagbama,2013,none,high
jigawa__garki,2013,none,high
katsina__mai'adua,2013,none,high
ebonyi__ezza_north,2013,none,high
taraba__ibi,2013,none,high
kogi__omala,2013,low_dhs_sample,medium
ondo__ile_oluji/okeigbo,2013,none,high
katsina__baure,2013,none,high
katsina__dutsin_ma,2013,none,high
edo__uhunmwonde,2013,none,high
jigawa__taura,2013,none,high
delta__ughelli_north,2013,none,high
edo__orhionmwon,2013,low_dhs_sample,medium
kaduna__soba,2013,none,high
yobe__karasuwa,2013,none,high
ondo__ondo_west,2013,none,high
delta__ika_south,2013,none,high
ekiti__oye,2013,none,high
kano__bichi,2013,none,high
fct__kwali,2013,none,high
oyo__oyo_west,2013,none,high
katsina__kusada,2013,none,high
jigawa__roni,2013,none,high
bauchi__toro,2013,none,high
ondo__akure_south,2013,low_dhs_sample,medium
kaduna__igabi,2013,none,high
kogi__okene,2013,none,high
anambra__onitsha_south,2013,none,high
benue__agatu,2013,none,high
kano__dala,2013,none,high
zamfara__anka,2013,none,high
kano__tofa,2013,none,high
katsina__ingawa,2013,none,high
delta__uvwie,2013,low_dhs_sample,medium
ondo__idanre,2013,none,high
delta__okpe,2013,none,high
anambra__anambra_west,2013,none,high
lagos__mushin,2013,none,high
ogun__shagamu,2013,none,high
cross_river__biase,2013,none,high
kano__gaya,2013,none,high
katsina__charanchi,2013,none,high
edo__etsako_central,2013,none,high
bauchi__darazo,2013,none,high
kogi__ijumu,2013,none,high
kwara__irepodun,2013,none,high
oyo__egbeda,2013,none,high
ondo__akoko_south_east,2013,none,high
katsina__faskari,2013,none,high
kaduna__makarfi,2013,none,high
delta__udu,2013,none,high
kano__bunkure,2013,none,high
katsina__funtua,2013,none,high
kano__dambatta,2013,none,high
yobe__jakusko,2013,none,high
kano__gwale,2013,none,high
jigawa__babura,2013,none,high
delta__sapele,2013,none,high
delta__ika_north_east,2013,none,high
lagos__surulere,2013,none,high
kano__garun_malam,2013,none,high
kwara__offa,2013,low_dhs_sample,medium
lagos__shomolu,2013,low_dhs_sample,medium
kano__makoda,2013,none,high
kano__rimin_gado,2013,none,high
yobe__yusufari,2013,none,high
kogi__bassa,2013,none,high
jigawa__jahun,2013,none,high
katsina__kurfi,2013,none,high
edo__esan_west,2013,none,high
kaduna__kaduna_north,2013,none,high
katsina__daura,2013,none,high
taraba__gassol,2013,none,high
jigawa__auyo,2013,none,high
kano__wudil,2013,none,high
kaduna__ikara,2013,none,high
ondo__ifedore,2013,none,high
niger__lavun,2013,none,high
sokoto__dange_shuni,2013,none,high
ogun__yewa_north,2013,none,high
zamfara__tsafe,2013,none,high
kwara__ekiti,2013,none,high
kebbi__zuru,2013,none,high
kogi__yagba_west,2013,none,high
kogi__kogi,2013,low_dhs_sample,medium
kogi__olamaboro,2013,none,high
ondo__odigbo,2013,none,high
lagos__agege,2013,none,high
kano__kibiya,2013,none,high
kwara__isin,2013,none,high
kaduna__sabon_gari,2013,none,high
jigawa__malam_madori,2013,none,high
kogi__lokoja,2013,none,high
osun__ede_south,2013,none,high
kaduna__giwa,2013,none,high
ekiti__ikole,2013,none,high
kano__kunchi,2013,none,high
jigawa__guri,2013,none,high
zamfara__maru,2013,none,high
gombe__dukku,2013,none,high
sokoto__wamakko,2013,none,high
kwara__oke_ero,2013,none,high
lagos__oshodi/isolo,2013,none,high
borno__abadam,2013,low_dhs_sample,medium
ekiti__moba,2013,none,high
fct__gwagwalada,2013,none,high
kaduna__kagarko,2013,none,high
fct__abaji,2013,none,high
taraba__sardauna,2013,none,high
kebbi__shanga,2013,none,high
kaduna__birnin_gwari,2013,none,high
kebbi__ngaski,2013,none,high
kaduna__chikun,2013,none,high
kebbi__yauri,2013,none,high
kaduna__kauru,2013,none,high
adamawa__demsa,2013,none,high
abia__umuahia_south,2013,none,high
osun__obokun,2013,none,high
imo__owerri_west,2013,none,high
nasarawa__nasarawa,2013,none,high
anambra__idemili_south,2013,none,high
abia__aba_north,2013,low_dhs_sample,medium
ogun__odeda,2013,none,high
ogun__ijebu_east,2013,none,high
benue__okpokwu,2013,low_dhs_sample,medium
gombe__shomgom,2013,none,high
ekiti__ado-ekiti,2013,none,high
imo__ahiazu-mbaise,2013,none,high
kogi__ankpa,2013,none,high
imo__nkwerre,2013,none,high
benue__apa,2013,none,high
benue__kwande,2013,none,high
cross_river__ikom,2013,none,high
ekiti__ido-osi,2013,none,high
abia__ukwa_east,2013,none,high
abia__ukwa_west,2013,none,high
anambra__nnewi_south,2013,none,high
abia__bende,2013,none,high
imo__okigwe,2013,none,high
bauchi__jama'are,2013,none,high
nasarawa__kokona,2013,none,high
borno__mafa,2013,none,high
gombe__akko,2013,none,high
benue__ushongo,2013,none,high
imo__ehime-mbano,2013,low_dhs_sample,medium
imo__ideato_south,2013,none,high
osun__ife_south,2013,none,high
anambra__oyi,2013,none,high
ekiti__ekiti_south-west,2013,none,high
anambra__ayamelum,2013,none,high
imo__aboh-mbaise,2013,none,high
ekiti__ilejemeje,2013,none,high
imo__mbatoli,2013,none,high
cross_river__akamkpa,2013,none,high
abia__obi_nwga,2013,none,high
benue__logo,2013,none,high
benue__guma,2013,none,high
cross_river__ogoja,2013,low_dhs_sample,medium
abia__ohafia,2013,none,high
anambra__orumba_north,2013,low_dhs_sample,medium
benue__ado,2013,none,high
nasarawa__toto,2013,none,high
osun__egbedore,2013,low_dhs_sample,medium
imo__owerri_north,2013,none,high
anambra__idemili_north,2013,low_dhs_sample,medium
abia__isiala-ngwa_south,2013,none,high
gombe__funakaye,2013,none,high
benue__katsina-ala,2013,none,high
niger__mokwa,2013,none,high
abia__aba_south,2013,none,high
niger__edati,2013,none,high
ogun__odogbolu,2013,low_dhs_sample,medium
gombe__balanga,2013,none,high
ogun__ijebu_north_east,2013,none,high
benue__oturkpo,2013,none,high
cross_river__abi,2013,none,high
imo__ideato_north,2013,none,high
osun__oriade,2013,low_dhs_sample,medium
sokoto__illela,2013,none,high
imo__nwangele,2013,none,high
osun__ife_east,2013,low_dhs_sample,medium
cross_river__obanliku,2013,low_dhs_sample,medium
imo__onuimo,2013,none,high
plateau__qua'an_pan,2013,none,high
imo__ngor-okpala,2013,none,high
oyo__ona_ara,2013,none,high
enugu__igbo-eze_north,2013,none,high
benue__oju,2013,none,high
osun__boluwaduro,2013,none,high
zamfara__shinkafi,2013,none,high
imo__orsu,2013,none,high
anambra__anaocha,2013,none,high
cross_river__bekwarra,2013,none,high
abia__umu-nneochi,2013,none,high
ondo__ose,2013,none,high
anambra__nnewi_north,2013,none,high
ondo__akoko_north_west,2013,none,high
osun__ilesha_east,2013,low_dhs_sample,medium
anambra__njikoka,2013,none,high
imo__ohaji/egbema,2013,none,high
gombe__gombe,2013,none,high
imo__owerri_municipal,2013,none,high
nasarawa__keana,2013,none,high
ebonyi__ohaukwu,2013,none,high
ekiti__gbonyin,2013,none,high
imo__isiala_mbano,2013,none,high
ekiti__irepodun/ifelodun,2013,none,high
imo__obowo,2013,none,high
abia__isuikwuato,2013,low_dhs_sample,medium
benue__makurdi,2013,low_dhs_sample,medium
benue__gboko,2013,none,high
osun__ife_central,2013,low_dhs_sample,medium
abia__isiala-ngwa_north,2013,none,high
cross_river__yakurr,2013,none,high
gombe__billiri,2013,none,high
anambra__dunukofia,2013,none,high
abia__osisioma_ngwa,2013,none,high
osun__ola_oluwa,2013,none,high
nasarawa__wamba,2013,none,high
osun__boripe,2013,none,high
cross_river__yala,2013,none,high
anambra__aguata,2013,low_dhs_sample,medium
cross_river__calabar_municipal,2013,low_dhs_sample,medium
anambra__onitsha_north,2013,none,high
benue__ukum,2013,none,high
sokoto__isa,2013,none,high
ogun__ogun_waterside,2013,none,high
osun__ifelodun,2013,low_dhs_sample,medium
abia__arochukwu,2013,none,high
ogun__ijebu_ode,2013,low_dhs_sample,medium
borno__magumeri,2013,low_dhs_sample,medium
cross_river__boki,2013,none,high
gombe__kwami,2013,none,high
ekiti__ekiti_east,2013,none,high
kwara__moro,2013,none,high
imo__ezinihitte,2013,none,high
borno__kala_balge,2013,none,high
nasarawa__awe,2013,none,high
osun__orolu,2013,none,high
cross_river__obubra,2013,none,high
edo__akoko-edo,2013,none,high
osun__osogbo,2013,none,high
ekiti__ise/orun,2013,none,high
imo__njaba,2013,none,high
benue__obi,2013,none,high
benue__buruku,2013,none,high
cross_river__obudu,2013,none,high
imo__orlu,2013,low_dhs_sample,medium
osun__iwo,2013,low_dhs_sample,medium
anambra__awka_north,2013,none,high
benue__tarka,2013,none,high
abia__umuahia_north,2013,low_dhs_sample,medium
osun__odo_otin,2013,none,high
anambra__ihiala,2013,none,high
osun__ilesha_west,2013,none,high
gombe__kaltungo,2013,none,high
osun__irepodun,2013,none,high
ebonyi__ebonyi,2013,low_dhs_sample,medium
nasarawa__lafia,2013,none,high
ogun__ijebu_north,2013,none,high
delta__ndokwa_west,2013,none,high
imo__ikeduru,2013,none,high
kogi__okehi,2013,none,high
gombe__yamaltu/deba,2013,none,high
ekiti__emure,2013,none,high
ekiti__ikere,2013,low_dhs_sample,medium
imo__oguta,2013,none,high
benue__konshisha,2013,none,high
osun__ejigbo,2013,none,high
benue__gwer_west,2013,none,high
cross_river__etung,2013,none,high
anambra__ekwusigo,2013,low_dhs_sample,medium
ekiti__ijero,2013,none,high
abia__ugwunagbo,2013,none,high
osun__olorunda,2013,none,high
nasarawa__nasarawa_egon,2013,none,high
osun__ede_north,2013,low_dhs_sample,medium
ebonyi__afikpo_south,2013,none,high
imo__oru_west,2013,none,high
anambra__anambra_east,2013,none,high
benue__vandeikya,2013,none,high
osun__atakunmosa_west,2013,none,high
anambra__ogbaru,2013,none,high
abia__ikwuano,2013,none,high
nasarawa__keffi,2013,none,high
kogi__adavi,2013,low_dhs_sample,medium
imo__oru_east,2013,low_dhs_sample,medium
ogun__remo_north,2013,none,high
nasarawa__karu,2013,none,high
ogun__ikenne,2013,none,high
osun__ila,2013,none,high
nasarawa__doma,2013,low_dhs_sample,medium
gombe__nafada,2013,none,high
benue__gwer_east,2013,none,high
ekiti__efon,2013,none,high
imo__ihitte/uboma,2013,none,high
ekiti__ekiti_west,2013,none,high
oyo__atisbo,2013,none,high
imo__isu,2013,none,high
benue__ogbadibo,2013,none,high
osun__atakunmosa_east,2013,none,high
nasarawa__akwanga,2013,none,high
niger__rafi,2013,none,high
cross_river__odukpani,2013,none,high
niger__gbako,2013,none,high
delta__ukwuani,2013,none,high
anambra__awka_south,2013,none,high
niger__gurara,2013,none,high
niger__kontagora,2013,none,high
niger__mashegu,2013,none,high
niger__wushishi,2013,none,high
niger__shiroro,2013,low_dhs_sample,medium
niger__borgu,2013,none,high
niger__lapai,2013,none,high
ondo__akoko_south_west,2013,low_dhs_sample,medium
niger__rijau,2013,none,high
niger__chanchaga,2013,low_dhs_sample,medium
niger__mariga,2013,none,high
niger__munya,2013,none,high
niger__bosso,2013,none,high
niger__suleja,2013,none,high
niger__paikoro,2013,none,high
plateau__kanke,2013,none,high
plateau__jos_north,2013,none,high
plateau__jos_east,2013,none,high
edo__oredo,2013,none,high
delta__patani,2013,low_dhs_sample,medium
plateau__shendam,2013,none,high
edo__egor,2013,none,high
plateau__langtang_north,2013,none,high
plateau__jos_south,2013,none,high
plateau__mikang,2013,none,high
plateau__barkin_ladi,2013,none,high
plateau__pankshin,2013,none,high
plateau__bokkos,2013,none,high
plateau__wase,2013,none,high
plateau__bassa,2013,none,high
anambra__orumba_south,2013,none,high
plateau__kanam,2013,none,high
plateau__langtang_south,2013,none,high
plateau__mangu,2013,none,high
niger__tafa,2013,none,high
niger__magama,2013,none,high
niger__agwara,2013,none,high
plateau__riyom,2013,none,high
sokoto__rabah,2013,none,high
ebonyi__ikwo,2013,none,high
katsina__safana,2013,none,high
lagos__ajeromi/ifelodun,2013,none,high
kebbi__koko-besse,2013,none,high
lagos__epe,2013,low_dhs_sample,medium
kano__sumaila,2013,none,high
kogi__ogori/magongo,2013,none,high
lagos__amuwo_odofin,2013,low_dhs_sample,medium
kano__tsanyawa,2013,none,high
lagos__ibeju_lekki,2013,none,high
kogi__ajaokuta,2013,low_dhs_sample,medium
oyo__irepo,2013,none,high
delta__isoko_north,2013,none,high
enugu__ezeagu,2013,none,high
ondo__irele,2013,none,high
ondo__owo,2013,none,high
kogi__dekina,2013,none,high
ondo__akoko_north_east,2013,none,high
oyo__oluyole,2013,none,high
rivers__ogba/egbema/ndoni,2013,none,high
edo__ovia_south-west,2013,none,high
delta__ndokwa_east,2013,none,high
oyo__saki_east,2013,none,high
ebonyi__onicha,2013,none,high
delta__ethiope_east,2013,low_dhs_sample,medium
nasarawa__obi,2013,low_dhs_sample,medium
oyo__oyo_east,2013,low_dhs_sample,medium
ebonyi__ivo,2013,none,high
edo__etsako_east,2013,none,high
delta__oshimili_south,2013,none,high
ebonyi__izzi,2013,none,high
delta__isoko_south,2013,none,high
ebonyi__ezza_south,2013,none,high
kogi__ofu,2013,none,high
delta__aniocha_north,2013,none,high
delta__aniocha_south,2013,none,high
kogi__igalamela-odolu,2013,low_dhs_sample,medium
akwa_ibom__ibiono_ibom,2013,low_dhs_sample,medium
akwa_ibom__obot_akara,2013,none,high
oyo__ogo_oluwa,2013,none,high
oyo__atiba,2013,none,high
oyo__ogbomosho_south,2013,none,high
edo__ovia_north-east,2013,none,high
oyo__afijio,2013,none,high
oyo__ogbomosho_north,2013,low_dhs_sample,medium
rivers__ikwerre,2013,none,high
akwa_ibom__esit_eket,2013,none,high
rivers__obio/akpor,2013,none,high
rivers__etche,2013,none,high
borno__askira_uba,2013,none,high
sokoto__gwadabawa,2013,none,high
jigawa__hadejia,2013,none,high
jigawa__kiri_kasama,2013,none,high
borno__konduga,2013,none,high
borno__jere,2013,none,high
lagos__eti_osa,2013,low_dhs_sample,medium
lagos__kosofe,2013,low_dhs_sample,medium
oyo__ibadan_north,2013,none,high
oyo__akinyele,2013,none,high
oyo__ido,2013,low_dhs_sample,medium
oyo__ibadan_north_west,2013,none,high
oyo__ibadan_south_west,2013,none,high
oyo__ibadan_south_east,2013,none,high
ogun__abeokuta_south,2013,low_dhs_sample,medium
lagos__alimosho,2013,none,high
lagos__ifako/ijaye,2013,none,high
lagos__ikorodu,2013,none,high
ogun__ifo,2013,none,high
lagos__ikeja,2013,low_dhs_sample,medium
ogun__ewekoro,2013,none,high
lagos__ojo,2013,none,high
lagos__badagry,2013,none,high
ogun__obafemi_owode,2013,none,high
ogun__ipokia,2013,low_dhs_sample,medium
benue__ohimini,2013,none,high
kwara__ilorin_west,2013,none,high
kwara__asa,2013,none,high
akwa_ibom__eastern_obolo,2018,none,high
bayelsa__ekeremor,2018,low_dhs_sample,medium
rivers__degema,2018,none,high
rivers__andoni,2018,none,high
cross_river__akpabuyo,2018,none,high
akwa_ibom__oron,2018,none,high
cross_river__bakassi,2018,none,high
cross_river__calabar_south,2018,none,high
akwa_ibom__udung_uko,2018,none,high
bayelsa__southern_ijaw,2018,none,high
oyo__iwajowa,2018,low_dhs_sample,medium
oyo__ibarapa_north,2018,none,high
rivers__okrika,2018,none,high
ogun__imeko_afon,2018,low_dhs_sample,medium
akwa_ibom__ibeno,2018,none,high
bayelsa__nembe,2018,none,high
ondo__ilaje,2018,none,high
bayelsa__brass,2018,none,high
delta__warri_north,2018,low_dhs_sample,medium
ondo__ese_odo,2018,low_dhs_sample,medium
taraba__jalingo,2018,none,high
delta__burutu,2018,none,high
adamawa__girei,2018,none,high
taraba__yorro,2018,low_dhs_sample,medium
taraba__ardo-kola,2018,low_dhs_sample,medium
adamawa__yola_north,2018,none,high
adamawa__yola_south,2018,none,high
akwa_ibom__mbo,2018,none,high
taraba__lau,2018,none,high
oyo__ibarapa_central,2018,none,high
ogun__abeokuta_north,2018,none,high
rivers__bonny,2018,low_dhs_sample,medium
delta__warri_south-west,2018,none,high
delta__warri_south,2018,none,high
rivers__akuku_toru,2018,low_dhs_sample,medium
osun__isokan,2018,none,high
osun__irewole,2018,none,high
akwa_ibom__essien_udim,2018,none,high
akwa_ibom__onna,2018,low_dhs_sample,medium
enugu__udenu,2018,none,high
rivers__ogu_bolo,2018,none,high
enugu__enugu_south,2018,none,high
akwa_ibom__ikot_ekpene,2018,none,high
akwa_ibom__nsit_ubium,2018,none,high
akwa_ibom__urue_offong/oruko,2018,none,high
akwa_ibom__abak,2018,none,high
enugu__nkanu_east,2018,none,high
enugu__igbo-eze-south,2018,none,high
enugu__nsukka,2018,none,high
rivers__tai,2018,none,high
osun__ife_north,2018,low_dhs_sample,medium
osun__ayedade,2018,none,high
osun__ayedire,2018,low_dhs_sample,medium
rivers__ahoada_east,2018,none,high
oyo__iseyin,2018,none,high
oyo__itesiwaju,2018,none,high
oyo__kajola,2018,none,high
enugu__nkanu_west,2018,none,high
ebonyi__afikpo_north,2018,none,high
taraba__donga,2018,none,high
enugu__oji-river,2018,none,high
kwara__oyun,2018,none,high
bayelsa__ogbia,2018,none,high
rivers__asari-toru,2018,none,high
akwa_ibom__uyo,2018,none,high
akwa_ibom__ikono,2018,none,high
kwara__baruten,2018,none,high
oyo__lagelu,2018,none,high
kogi__idah,2018,none,high
yobe__machina,2018,none,high
kogi__ibaji,2018,none,high
fct__municipal_area_council,2018,none,high
kwara__kaiama,2018,none,high
zamfara__bakura,2018,none,high
yobe__nguru,2018,none,high
zamfara__gummi,2018,none,high
kano__ajingi,2018,low_dhs_sample,medium
rivers__port-harcourt,2018,none,high
kebbi__augie,2018,none,high
sokoto__kebbe,2018,none,high
oyo__surulere,2018,none,high
jigawa__ringim,2018,none,high
rivers__emuoha,2018,none,high
enugu__isi-uzo,2018,none,high
bayelsa__yenegoa,2018,none,high
kwara__ilorin_east,2018,none,high
bauchi__alkaleri,2018,none,high
rivers__omumma,2018,none,high
jigawa__birnin_kudu,2018,none,high
taraba__takum,2018,none,high
edo__esan_south-east,2018,low_dhs_sample,medium
osun__ifedayo,2018,low_dhs_sample,medium
oyo__ori_ire,2018,low_dhs_sample,medium
kwara__ifelodun,2018,none,high
zamfara__maradun,2018,none,high
enugu__aninri,2018,none,high
ebonyi__abakaliki,2018,none,high
kwara__pategi,2018,none,high
jigawa__biriniwa,2018,none,high
taraba__ussa,2018,none,high
sokoto__silame,2018,none,high
kano__takai,2018,none,high
fct__bwari,2018,none,high
kwara__edu,2018,none,high
kaduna__jema'a,2018,none,high
jigawa__gumel,2018,none,high
sokoto__binji,2018,none,high
sokoto__kware,2018,none,high
kebbi__bunza,2018,none,high
kogi__mopa-muro,2018,none,high
sokoto__sokoto_north,2018,none,high
katsina__musawa,2018,none,high
delta__ethiope_west,2018,low_dhs_sample,medium
ebonyi__ishielu,2018,none,high
kebbi__sakaba,2018,none,high
kaduna__kudan,2018,none,high
kaduna__kachia,2018,none,high
sokoto__sabon_birni,2018,none,high
enugu__uzo-uwani,2018,none,high
kaduna__jaba,2018,none,high
akwa_ibom__ibesikpo_asutan,2018,low_dhs_sample,medium
sokoto__sokoto_south,2018,none,high
sokoto__yabo,2018,none,high
borno__damboa,2018,none,high
katsina__matazu,2018,none,high
katsina__sandamu,2018,none,high
katsina__mashi,2018,none,high
katsina__dan_musa,2018,none,high
kano__kura,2018,none,high
kaduna__lere,2018,none,high
katsina__zango,2018,low_dhs_sample,medium
sokoto__wurno,2018,none,high
sokoto__gudu,2018,none,high
jigawa__gwiwa,2018,none,high
kebbi__birnin_kebbi,2018,none,high
kebbi__suru,2018,none,high
adamawa__numan,2018,none,high
borno__biu,2018,none,high
kaduna__kaduna_south,2018,none,high
borno__dikwa,2018,none,high
kaduna__zaria,2018,none,high
kebbi__kalgo,2018,none,high
jigawa__yankwashi,2018,none,high
kaduna__kaura,2018,none,high
adamawa__lamurde,2018,none,high
borno__monguno,2018,none,high
enugu__enugu_east,2018,none,high
borno__ngala,2018,none,high
borno__gubio,2018,none,high
kogi__yagba_east,2018,none,high
borno__chibok,2018,none,high
sokoto__tureta,2018,none,high
taraba__gashaka,2018,none,high
bauchi__bauchi,2018,none,high
borno__hawul,2018,none,high
akwa_ibom__uruan,2018,none,high
adamawa__mayo-belwa,2018,none,high
adamawa__mubi_south,2018,none,high
edo__etsako_west,2018,none,high
yobe__fune,2018,none,high
borno__mobbar,2018,none,high
yobe__potiskum,2018,none,high
borno__gwoza,2018,none,high
borno__guzamala,2018,none,high
adamawa__maiha,2018,none,high
yobe__gulani,2018,none,high
taraba__zing,2018,none,high
oyo__orelope,2018,none,high
akwa_ibom__nsit_ibom,2018,low_dhs_sample,medium
adamawa__fufore,2018,none,high
akwa_ibom__mkpat_enin,2018,none,high
edo__owan_west,2018,none,high
borno__kaga,2018,none,high
taraba__karim_lamido,2018,none,high
borno__kukawa,2018,low_dhs_sample,medium
adamawa__gombi,2018,none,high
adamawa__guyuk,2018,none,high
kano__tudun_wada,2018,none,high
oyo__saki_west,2018,low_dhs_sample,medium
adamawa__toungo,2018,none,high
rivers__abua/odual,2018,low_dhs_sample,medium
zamfara__bungudu,2018,none,high
borno__shani,2018,none,high
sokoto__shagari,2018,none,high
yobe__yunusari,2018,none,high
adamawa__ganye,2018,none,high
adamawa__jada,2018,none,high
taraba__bali,2018,none,high
adamawa__shelleng,2018,none,high
ondo__okitipupa,2018,none,high
borno__bayo,2018,none,high
akwa_ibom__ikot_abasi,2018,none,high
borno__maiduguri,2018,none,high
yobe__gujba,2018,none,high
edo__esan_north-east,2018,low_dhs_sample,medium
bauchi__tafawa-balewa,2018,none,high
yobe__nangere,2018,none,high
akwa_ibom__ika,2018,none,high
bauchi__dambam,2018,none,high
bauchi__ganjuwa,2018,none,high
borno__nganzai,2018,none,high
rivers__ahoada_west,2018,none,high
adamawa__song,2018,none,high
delta__oshimili_north,2018,none,high
rivers__gokana,2018,none,high
zamfara__bukkuyum,2018,none,high
yobe__damaturu,2018,none,high
yobe__geidam,2018,none,high
yobe__tarmuwa,2018,none,high
adamawa__madagali,2018,none,high
adamawa__michika,2018,none,high
adamawa__mubi_north,2018,none,high
edo__owan_east,2018,none,high
adamawa__hong,2018,none,high
kano__nassarawa,2018,none,high
katsina__sabuwa,2018,none,high
ebonyi__ohaozara,2018,none,high
zamfara__kaura_namoda,2018,none,high
katsina__dutsi,2018,none,high
kano__kabo,2018,none,high
katsina__dandume,2018,none,high
kano__dawakin_tofa,2018,none,high
kano__gezawa,2018,none,high
sokoto__bodinga,2018,none,high
zamfara__zurmi,2018,none,high
kano__warawa,2018,none,high
sokoto__tangaza,2018,none,high
jigawa__maigatari,2018,none,high
katsina__danja,2018,none,high
kano__fagge,2018,none,high
katsina__jibia,2018,none,high
rivers__eleme,2018,none,high
kano__bebeji,2018,none,high
kano__rano,2018,none,high
kano__tarauni,2018,none,high
akwa_ibom__etinan,2018,none,high
ogun__yewa_south,2018,low_dhs_sample,medium
kebbi__argungu,2018,none,high
kano__kiru,2018,none,high
katsina__batagarawa,2018,none,high
delta__bomadi,2018,low_dhs_sample,medium
borno__kwaya_kusar,2018,none,high
enugu__igbo-etiti,2018,none,high
kano__doguwa,2018,none,high
yobe__bade,2018,none,high
akwa_ibom__itu,2018,none,high
borno__bama,2018,none,high
sokoto__gada,2018,none,high
zamfara__gusau,2018,none,high
lagos__lagos_mainland,2018,none,high
katsina__kaita,2018,none,high
kano__minjibir,2018,none,high
akwa_ibom__ini,2018,none,high
zamfara__talata_mafara,2018,none,high
kebbi__gwandu,2018,none,high
zamfara__birnin_magaji-kiyaw,2018,none,high
kano__shanono,2018,none,high
kano__rogo,2018,none,high
katsina__batsari,2018,none,high
akwa_ibom__eket,2018,none,high
akwa_ibom__okobo,2018,none,high
kano__kano_municipal,2018,none,high
yobe__bursari,2018,none,high
kebbi__maiyama,2018,none,high
lagos__lagos_island,2018,low_dhs_sample,medium
kano__madobi,2018,none,high
jigawa__miga,2018,none,high
katsina__rimi,2018,none,high
kano__gabasawa,2018,none,high
kebbi__aleiro,2018,none,high
kano__ungogo,2018,none,high
sokoto__tambuwal,2018,none,high
kebbi__jega,2018,none,high
katsina__katsina,2018,none,high
kano__dawakin_kudu,2018,none,high
kebbi__arewa_dandi,2018,none,high
akwa_ibom__etim_ekpo,2018,none,high
kano__albasu,2018,none,high
borno__marte,2018,none,high
kano__kumbotso,2018,none,high
jigawa__kazaure,2018,none,high
katsina__malumfashi,2018,none,high
enugu__udi,2018,none,high
jigawa__dutse,2018,none,high
jigawa__gwaram,2018,none,high
kaduna__zangon_kataf,2018,none,high
jigawa__kiyawa,2018,none,high
bauchi__zaki,2018,none,high
rivers__opobo/nkoro,2018,none,high
bauchi__shira,2018,none,high
bauchi__dass,2018,none,high
enugu__enugu_north,2018,none,high
jigawa__buji,2018,none,high
akwa_ibom__ukanafun,2018,none,high
niger__agaie,2018,none,high
kano__bagwai,2018,none,high
kaduna__kajuru,2018,none,high
niger__katcha,2018,none,high
katsina__kafur,2018,none,high
kebbi__wasagu-danko,2018,none,high
niger__bida,2018,none,high
bauchi__kirfi,2018,none,high
kebbi__dandi,2018,none,high
kebbi__bagudu,2018,none,high
katsina__kankara,2018,none,high
bauchi__itas/gadau,2018,none,high
lagos__apapa,2018,none,high
ondo__ondo_east,2018,none,high
bauchi__warji,2018,none,high
bauchi__katagum,2018,none,high
katsina__mani,2018,none,high
kaduna__sanga,2018,none,high
bauchi__bogoro,2018,none,high
yobe__fika,2018,none,high
fct__kuje,2018,none,high
jigawa__sule_tankarkar,2018,none,high
oyo__ibadan_north_east,2018,none,high
katsina__bindawa,2018,none,high
kwara__ilorin_south,2018,low_dhs_sample,medium
bauchi__gamawa,2018,none,high
jigawa__kafin_hausa,2018,none,high
ogun__ado_odo/ota,2018,none,high
kano__garko,2018,none,high
kaduna__kubau,2018,none,high
taraba__wukari,2018,none,high
kano__gwarzo,2018,none,high
rivers__oyigbo,2018,low_dhs_sample,medium
delta__ughelli_south,2018,none,high
kebbi__fakai,2018,none,high
jigawa__kaugama,2018,none,high
edo__esan_central,2018,none,high
sokoto__goronyo,2018,none,high
oyo__ibarapa_east,2018,none,high
edo__ikpoba-okha,2018,none,high
enugu__awgu,2018,low_dhs_sample,medium
oyo__olorunsogo,2018,none,high
kogi__kabba/bunu,2018,none,high
bauchi__ningi,2018,none,high
taraba__kurmi,2018,none,high
katsina__bakori,2018,none,high
akwa_ibom__nsit_atai,2018,none,high
katsina__kankia,2018,none,high
jigawa__gagarawa,2018,none,high
bauchi__giade,2018,none,high
edo__iguegben,2018,none,high
ondo__akure_north,2018,none,high
rivers__khana,2018,low_dhs_sample,medium
akwa_ibom__oruk_anam,2018,none,high
bauchi__misau,2018,none,high
bayelsa__kolokuma/opokuma,2018,none,high
kano__karaye,2018,none,high
bayelsa__sagbama,2018,none,high
jigawa__garki,2018,none,high
katsina__mai'adua,2018,none,high
ebonyi__ezza_north,2018,none,high
taraba__ibi,2018,none,high
kogi__omala,2018,none,high
ondo__ile_oluji/okeigbo,2018,low_dhs_sample,medium
katsina__baure,2018,none,high
katsina__dutsin_ma,2018,none,high
edo__uhunmwonde,2018,none,high
jigawa__taura,2018,none,high
delta__ughelli_north,2018,none,high
edo__orhionmwon,2018,none,high
kaduna__soba,2018,none,high
yobe__karasuwa,2018,none,high
ondo__ondo_west,2018,none,high
delta__ika_south,2018,low_dhs_sample,medium
ekiti__oye,2018,none,high
kano__bichi,2018,none,high
fct__kwali,2018,none,high
oyo__oyo_west,2018,low_dhs_sample,medium
katsina__kusada,2018,none,high
jigawa__roni,2018,none,high
bauchi__toro,2018,none,high
ondo__akure_south,2018,none,high
kaduna__igabi,2018,none,high
kogi__okene,2018,none,high
anambra__onitsha_south,2018,low_dhs_sample,medium
benue__agatu,2018,low_dhs_sample,medium
kano__dala,2018,none,high
zamfara__anka,2018,none,high
kano__tofa,2018,none,high
katsina__ingawa,2018,none,high
delta__uvwie,2018,none,high
ondo__idanre,2018,none,high
delta__okpe,2018,none,high
anambra__anambra_west,2018,none,high
lagos__mushin,2018,none,high
ogun__shagamu,2018,none,high
cross_river__biase,2018,none,high
kano__gaya,2018,none,high
katsina__charanchi,2018,none,high
edo__etsako_central,2018,none,high
bauchi__darazo,2018,none,high
kogi__ijumu,2018,low_dhs_sample,medium
kwara__irepodun,2018,none,high
oyo__egbeda,2018,none,high
ondo__akoko_south_east,2018,low_dhs_sample,medium
katsina__faskari,2018,none,high
kaduna__makarfi,2018,none,high
delta__udu,2018,none,high
kano__bunkure,2018,none,high
katsina__funtua,2018,none,high
kano__dambatta,2018,none,high
yobe__jakusko,2018,none,high
kano__gwale,2018,none,high
jigawa__babura,2018,none,high
delta__sapele,2018,low_dhs_sample,medium
delta__ika_north_east,2018,none,high
lagos__surulere,2018,none,high
kano__garun_malam,2018,none,high
kwara__offa,2018,none,high
lagos__shomolu,2018,low_dhs_sample,medium
kano__makoda,2018,none,high
kano__rimin_gado,2018,none,high
yobe__yusufari,2018,none,high
kogi__bassa,2018,none,high
jigawa__jahun,2018,none,high
katsina__kurfi,2018,none,high
edo__esan_west,2018,low_dhs_sample,medium
kaduna__kaduna_north,2018,none,high
katsina__daura,2018,none,high
taraba__gassol,2018,none,high
jigawa__auyo,2018,none,high
kano__wudil,2018,none,high
kaduna__ikara,2018,none,high
ondo__ifedore,2018,none,high
niger__lavun,2018,none,high
sokoto__dange_shuni,2018,none,high
ogun__yewa_north,2018,none,high
zamfara__tsafe,2018,none,high
kwara__ekiti,2018,none,high
kebbi__zuru,2018,none,high
kogi__yagba_west,2018,low_dhs_sample,medium
kogi__kogi,2018,none,high
kogi__olamaboro,2018,none,high
ondo__odigbo,2018,none,high
lagos__agege,2018,low_dhs_sample,medium
kano__kibiya,2018,none,high
kwara__isin,2018,none,high
kaduna__sabon_gari,2018,none,high
jigawa__malam_madori,2018,none,high
kogi__lokoja,2018,none,high
osun__ede_south,2018,none,high
kaduna__giwa,2018,none,high
ekiti__ikole,2018,none,high
kano__kunchi,2018,none,high
jigawa__guri,2018,none,high
zamfara__maru,2018,none,high
gombe__dukku,2018,none,high
sokoto__wamakko,2018,none,high
kwara__oke_ero,2018,low_dhs_sample,medium
lagos__oshodi/isolo,2018,none,high
borno__abadam,2018,none,high
ekiti__moba,2018,none,high
fct__gwagwalada,2018,none,high
kaduna__kagarko,2018,none,high
fct__abaji,2018,none,high
taraba__sardauna,2018,none,high
kebbi__shanga,2018,none,high
kaduna__birnin_gwari,2018,none,high
kebbi__ngaski,2018,none,high
kaduna__chikun,2018,none,high
kebbi__yauri,2018,none,high
kaduna__kauru,2018,none,high
adamawa__demsa,2018,low_dhs_sample,medium
abia__umuahia_south,2018,none,high
osun__obokun,2018,none,high
imo__owerri_west,2018,none,high
nasarawa__nasarawa,2018,none,high
anambra__idemili_south,2018,none,high
abia__aba_north,2018,none,high
ogun__odeda,2018,low_dhs_sample,medium
ogun__ijebu_east,2018,low_dhs_sample,medium
benue__okpokwu,2018,none,high
gombe__shomgom,2018,none,high
ekiti__ado-ekiti,2018,none,high
imo__ahiazu-mbaise,2018,low_dhs_sample,medium
kogi__ankpa,2018,none,high
imo__nkwerre,2018,low_dhs_sample,medium
benue__apa,2018,none,high
benue__kwande,2018,none,high
cross_river__ikom,2018,none,high
ekiti__ido-osi,2018,none,high
abia__ukwa_east,2018,none,high
abia__ukwa_west,2018,none,high
anambra__nnewi_south,2018,none,high
abia__bende,2018,none,high
imo__okigwe,2018,none,high
bauchi__jama'are,2018,none,high
nasarawa__kokona,2018,none,high
borno__mafa,2018,none,high
gombe__akko,2018,none,high
benue__ushongo,2018,low_dhs_sample,medium
imo__ehime-mbano,2018,none,high
imo__ideato_south,2018,low_dhs_sample,medium
osun__ife_south,2018,low_dhs_sample,medium
anambra__oyi,2018,none,high
ekiti__ekiti_south-west,2018,none,high
anambra__ayamelum,2018,none,high
imo__aboh-mbaise,2018,none,high
ekiti__ilejemeje,2018,none,high
imo__mbatoli,2018,none,high
cross_river__akamkpa,2018,none,high
abia__obi_nwga,2018,low_dhs_sample,medium
benue__logo,2018,none,high
benue__guma,2018,none,high
cross_river__ogoja,2018,none,high
abia__ohafia,2018,none,high
anambra__orumba_north,2018,none,high
benue__ado,2018,none,high
nasarawa__toto,2018,none,high
osun__egbedore,2018,none,high
imo__owerri_north,2018,low_dhs_sample,medium
anambra__idemili_north,2018,none,high
abia__isiala-ngwa_south,2018,none,high
gombe__funakaye,2018,none,high
benue__katsina-ala,2018,none,high
niger__mokwa,2018,none,high
abia__aba_south,2018,low_dhs_sample,medium
niger__edati,2018,none,high
ogun__odogbolu,2018,low_dhs_sample,medium
gombe__balanga,2018,none,high
ogun__ijebu_north_east,2018,low_dhs_sample,medium
benue__oturkpo,2018,none,high
cross_river__abi,2018,none,high
imo__ideato_north,2018,none,high
osun__oriade,2018,low_dhs_sample,medium
sokoto__illela,2018,none,high
imo__nwangele,2018,none,high
osun__ife_east,2018,none,high
cross_river__obanliku,2018,low_dhs_sample,medium
imo__onuimo,2018,none,high
plateau__qua'an_pan,2018,none,high
imo__ngor-okpala,2018,none,high
oyo__ona_ara,2018,none,high
enugu__igbo-eze_north,2018,none,high
benue__oju,2018,none,high
osun__boluwaduro,2018,low_dhs_sample,medium
zamfara__shinkafi,2018,none,high
imo__orsu,2018,none,high
anambra__anaocha,2018,none,high
cross_river__bekwarra,2018,none,high
abia__umu-nneochi,2018,none,high
ondo__ose,2018,none,high
anambra__nnewi_north,2018,none,high
ondo__akoko_north_west,2018,none,high
osun__ilesha_east,2018,low_dhs_sample,medium
anambra__njikoka,2018,none,high
imo__ohaji/egbema,2018,none,high
gombe__gombe,2018,none,high
imo__owerri_municipal,2018,none,high
nasarawa__keana,2018,none,high
ebonyi__ohaukwu,2018,none,high
ekiti__gbonyin,2018,none,high
imo__isiala_mbano,2018,none,high
ekiti__irepodun/ifelodun,2018,none,high
imo__obowo,2018,none,high
abia__isuikwuato,2018,low_dhs_sample,medium
benue__makurdi,2018,none,high
benue__gboko,2018,none,high
osun__ife_central,2018,none,high
abia__isiala-ngwa_north,2018,none,high
cross_river__yakurr,2018,none,high
gombe__billiri,2018,none,high
anambra__dunukofia,2018,none,high
abia__osisioma_ngwa,2018,none,high
osun__ola_oluwa,2018,none,high
nasarawa__wamba,2018,low_dhs_sample,medium
osun__boripe,2018,none,high
cross_river__yala,2018,low_dhs_sample,medium
anambra__aguata,2018,none,high
cross_river__calabar_municipal,2018,none,high
anambra__onitsha_north,2018,none,high
benue__ukum,2018,none,high
sokoto__isa,2018,none,high
ogun__ogun_waterside,2018,none,high
osun__ifelodun,2018,none,high
abia__arochukwu,2018,none,high
ogun__ijebu_ode,2018,low_dhs_sample,medium
borno__magumeri,2018,none,high
cross_river__boki,2018,low_dhs_sample,medium
gombe__kwami,2018,none,high
ekiti__ekiti_east,2018,none,high
kwara__moro,2018,none,high
imo__ezinihitte,2018,none,high
borno__kala_balge,2018,none,high
nasarawa__awe,2018,none,high
osun__orolu,2018,none,high
cross_river__obubra,2018,none,high
edo__akoko-edo,2018,none,high
osun__osogbo,2018,none,high
ekiti__ise/orun,2018,none,high
imo__njaba,2018,none,high
benue__obi,2018,none,high
benue__buruku,2018,low_dhs_sample,medium
cross_river__obudu,2018,none,high
imo__orlu,2018,none,high
osun__iwo,2018,none,high
anambra__awka_north,2018,low_dhs_sample,medium
benue__tarka,2018,low_dhs_sample,medium
abia__umuahia_north,2018,low_dhs_sample,medium
osun__odo_otin,2018,none,high
anambra__ihiala,2018,low_dhs_sample,medium
osun__ilesha_west,2018,none,high
gombe__kaltungo,2018,none,high
osun__irepodun,2018,none,high
ebonyi__ebonyi,2018,none,high
nasarawa__lafia,2018,none,high
ogun__ijebu_north,2018,low_dhs_sample,medium
delta__ndokwa_west,2018,none,high
imo__ikeduru,2018,none,high
kogi__okehi,2018,none,high
gombe__yamaltu/deba,2018,none,high
ekiti__emure,2018,none,high
ekiti__ikere,2018,none,high
imo__oguta,2018,none,high
benue__konshisha,2018,none,high
osun__ejigbo,2018,low_dhs_sample,medium
benue__gwer_west,2018,low_dhs_sample,medium
cross_river__etung,2018,low_dhs_sample,medium
anambra__ekwusigo,2018,none,high
ekiti__ijero,2018,low_dhs_sample,medium
abia__ugwunagbo,2018,none,high
osun__olorunda,2018,none,high
nasarawa__nasarawa_egon,2018,none,high
osun__ede_north,2018,none,high
ebonyi__afikpo_south,2018,none,high
imo__oru_west,2018,none,high
anambra__anambra_east,2018,none,high
benue__vandeikya,2018,none,high
osun__atakunmosa_west,2018,none,high
anambra__ogbaru,2018,low_dhs_sample,medium
abia__ikwuano,2018,none,high
nasarawa__keffi,2018,none,high
kogi__adavi,2018,none,high
imo__oru_east,2018,none,high
ogun__remo_north,2018,low_dhs_sample,medium
nasarawa__karu,2018,none,high
ogun__ikenne,2018,low_dhs_sample,medium
osun__ila,2018,none,high
nasarawa__doma,2018,none,high
gombe__nafada,2018,none,high
benue__gwer_east,2018,none,high
ekiti__efon,2018,low_dhs_sample,medium
imo__ihitte/uboma,2018,none,high
ekiti__ekiti_west,2018,none,high
oyo__atisbo,2018,none,high
imo__isu,2018,none,high
benue__ogbadibo,2018,none,high
osun__atakunmosa_east,2018,low_dhs_sample,medium
nasarawa__akwanga,2018,none,high
niger__rafi,2018,none,high
cross_river__odukpani,2018,none,high
niger__gbako,2018,none,high
delta__ukwuani,2018,low_dhs_sample,medium
anambra__awka_south,2018,low_dhs_sample,medium
niger__gurara,2018,none,high
niger__kontagora,2018,none,high
niger__mashegu,2018,none,high
niger__wushishi,2018,none,high
niger__shiroro,2018,none,high
niger__borgu,2018,low_dhs_sample,medium
niger__lapai,2018,none,high
ondo__akoko_south_west,2018,none,high
niger__rijau,2018,none,high
niger__chanchaga,2018,none,high
niger__mariga,2018,none,high
niger__munya,2018,none,high
niger__bosso,2018,none,high
niger__suleja,2018,none,high
niger__paikoro,2018,none,high
plateau__kanke,2018,none,high
plateau__jos_north,2018,none,high
plateau__jos_east,2018,none,high
edo__oredo,2018,none,high
delta__patani,2018,none,high
plateau__shendam,2018,none,high
edo__egor,2018,low_dhs_sample,medium
plateau__langtang_north,2018,none,high
plateau__jos_south,2018,none,high
plateau__mikang,2018,low_dhs_sample,medium
plateau__barkin_ladi,2018,none,high
plateau__pankshin,2018,none,high
plateau__bokkos,2018,none,high
plateau__wase,2018,none,high
plateau__bassa,2018,none,high
anambra__orumba_south,2018,none,high
plateau__kanam,2018,none,high
plateau__langtang_south,2018,none,high
plateau__mangu,2018,none,high
niger__tafa,2018,none,high
niger__magama,2018,none,high
niger__agwara,2018,none,high
plateau__riyom,2018,none,high
sokoto__rabah,2018,none,high
ebonyi__ikwo,2018,none,high
katsina__safana,2018,none,high
lagos__ajeromi/ifelodun,2018,none,high
kebbi__koko-besse,2018,none,high
lagos__epe,2018,low_dhs_sample,medium
kano__sumaila,2018,none,high
kogi__ogori/magongo,2018,none,high
lagos__amuwo_odofin,2018,none,high
kano__tsanyawa,2018,none,high
lagos__ibeju_lekki,2018,none,high
kogi__ajaokuta,2018,none,high
oyo__irepo,2018,none,high
delta__isoko_north,2018,none,high
enugu__ezeagu,2018,none,high
ondo__irele,2018,none,high
ondo__owo,2018,none,high
kogi__dekina,2018,none,high
ondo__akoko_north_east,2018,low_dhs_sample,medium
oyo__oluyole,2018,low_dhs_sample,medium
rivers__ogba/egbema/ndoni,2018,none,high
edo__ovia_south-west,2018,low_dhs_sample,medium
delta__ndokwa_east,2018,none,high
oyo__saki_east,2018,none,high
ebonyi__onicha,2018,none,high
delta__ethiope_east,2018,none,high
nasarawa__obi,2018,low_dhs_sample,medium
oyo__oyo_east,2018,none,high
ebonyi__ivo,2018,none,high
edo__etsako_east,2018,none,high
delta__oshimili_south,2018,low_dhs_sample,medium
ebonyi__izzi,2018,none,high
delta__isoko_south,2018,low_dhs_sample,medium
ebonyi__ezza_south,2018,none,high
kogi__ofu,2018,none,high
delta__aniocha_north,2018,low_dhs_sample,medium
delta__aniocha_south,2018,low_dhs_sample,medium
kogi__igalamela-odolu,2018,none,high
akwa_ibom__ibiono_ibom,2018,none,high
akwa_ibom__obot_akara,2018,none,high
oyo__ogo_oluwa,2018,none,high
oyo__atiba,2018,low_dhs_sample,medium
oyo__ogbomosho_south,2018,low_dhs_sample,medium
edo__ovia_north-east,2018,none,high
oyo__afijio,2018,none,high
oyo__ogbomosho_north,2018,low_dhs_sample,medium
rivers__ikwerre,2018,none,high
akwa_ibom__esit_eket,2018,none,high
rivers__obio/akpor,2018,low_dhs_sample,medium
rivers__etche,2018,none,high
borno__askira_uba,2018,none,high
sokoto__gwadabawa,2018,none,high
jigawa__hadejia,2018,low_dhs_sample,medium
jigawa__kiri_kasama,2018,none,high
borno__konduga,2018,none,high
borno__jere,2018,none,high
lagos__eti_osa,2018,low_dhs_sample,medium
lagos__kosofe,2018,low_dhs_sample,medium
oyo__ibadan_north,2018,none,high
oyo__akinyele,2018,low_dhs_sample,medium
oyo__ido,2018,none,high
oyo__ibadan_north_west,2018,none,high
oyo__ibadan_south_west,2018,none,high
oyo__ibadan_south_east,2018,none,high
ogun__abeokuta_south,2018,none,high
lagos__alimosho,2018,none,high
lagos__ifako/ijaye,2018,low_dhs_sample,medium
lagos__ikorodu,2018,none,high
ogun__ifo,2018,low_dhs_sample,medium
lagos__ikeja,2018,none,high
ogun__ewekoro,2018,low_dhs_sample,medium
lagos__ojo,2018,none,high
lagos__badagry,2018,none,high
ogun__obafemi_owode,2018,low_dhs_sample,medium
ogun__ipokia,2018,none,high
benue__ohimini,2018,none,high
kwara__ilorin_west,2018,none,high
kwara__asa,2018,none,high
